Affiliation,Fellowship/Opportunity,Name,Stanford Email,Class Year,Major,School,Name of Partner Organization,Fellowship location,Country,Latitude,Longitude,Community Partner Website,Link to Logo,Interest Areas
Doerr School of Sustainability,Sustainability Summer Fellowship,Kenji Williams,kenji.williams@stanford.edu,2026,Comparative Literature,School of Humanities & Sciences,Ella Baker Center for Human Rights,"Oakland, CA",United States,37.8044,-122.2712,https://ellabakercenter.org,,Human Rights
Haas Center for Public Service,Cardinal Quarter Summer Fellowship,Priya Chen,priya.chen@stanford.edu,2026,Civil & Environmental Engineering,School of Engineering,Human Rights Watch,"New York, NY",United States,40.7589,-73.9851,https://www.hrw.org,,Human Rights
Native American Cultural Center,Indigenous Communities Fellowship,Aisha Osei,aisha.osei@stanford.edu,2027,Bioengineering,School of Engineering,Gawad Kalinga,Manila,Philippines,14.5995,120.9842,https://www.gk1world.com,,Socio-Economic Prosperity
Bill Lane Center for the American West,Bill Lane Center for the American West Internships,Elijah Wang,elijah.wang@stanford.edu,2026,Economics,School of Humanities & Sciences,Teach For All,"New York, NY",United States,40.758,-73.9855,https://teachforall.org,,Education & Youth Development
Black Community Services Center,Black Diaspora Fellowship,Lucia Okafor,lucia.okafor@stanford.edu,2026,Sociology,School of Humanities & Sciences,IkamvaYouth,Cape Town,South Africa,-33.9249,18.4241,https://ikamvayouth.org,,Education & Youth Development
Asian American Activities Center,Empowering Asian/Asian American Communities Fellowship,Leila Okafor,leila.okafor@stanford.edu,2027,Undeclared,Vice Provost for Undergraduate Education,Alaska Native Heritage Center,"Anchorage, AK",United States,61.2181,-149.9003,https://www.alaskanative.net,,Identity
Stanford in Government,Stanford in Government Fellowship,Omar Wang,omar.wang@stanford.edu,2026,Economics,School of Humanities & Sciences,Detroit Justice Center,"Detroit, MI",United States,42.3314,-83.0458,https://detroitjustice.org,,Law & Justice
Stanford in Government,Stanford in Government Fellowship,Fatima Chen,fatima.chen@stanford.edu,2025,Undeclared,Vice Provost for Undergraduate Education,Casa Cornelia Law Center,"San Diego, CA",United States,32.7157,-117.1611,https://www.casacornelia.org,,Law & Justice
Stanford in Government,Stanford in Government Fellowship,Priya Diaz,priya.diaz@stanford.edu,2026,Comparative Literature,School of Humanities & Sciences,Gates Foundation,"Seattle, WA",United States,47.6229,-122.3467,https://www.gatesfoundation.org,,Health
Doerr School of Sustainability,Sustainability Summer Fellowship,Chloe Ramirez,chloe.ramirez@stanford.edu,2025,Civil & Environmental Engineering,School of Engineering,Open Government Partnership,"Washington, DC",United States,38.902,-77.029,https://www.opengovpartnership.org,,Policy & Governance
Haas Center for Public Service,Cardinal Quarter Summer Fellowship,Yuki Ibrahim,yuki.ibrahim@stanford.edu,2025,Political Science,School of Humanities & Sciences,Code.org,"Seattle, WA",United States,47.6062,-122.3321,https://code.org,,Technology & Engineering
Haas Center for Public Service,Community Engaged Learning Fellowship,Andre Torres,andre.torres@stanford.edu,2027,Sociology,School of Humanities & Sciences,Endeavor,Mexico City,Mexico,19.4326,-99.1332,https://endeavor.org,,Social Entrepreneurship & Corporate Social Responsibility
CareerEd,CareerEd Fellows,Isabel Ramirez,isabel.ramirez@stanford.edu,2026,Mechanical Engineering,School of Engineering,Center for Investigative Reporting,"Emeryville, CA",United States,37.8313,-122.2852,https://revealnews.org,,Arts & Media
Doerr School of Sustainability,Sustainability Summer Fellowship,Naomi Silva,naomi.silva@stanford.edu,2027,Art Practice,School of Humanities & Sciences,Sundance Institute,"Park City, UT",United States,40.6461,-111.498,https://www.sundance.org,,Arts & Media
CareerEd,CareerEd Fellows,Diego Okafor,diego.okafor@stanford.edu,2027,Earth Systems,Doerr School of Sustainability,UNICEF Innocenti,Florence,Italy,43.7696,11.2558,https://www.unicef.org/innocenti,,Education & Youth Development
Haas Center for Public Service,Cardinal Quarter Summer Fellowship,Yuki Torres,yuki.torres@stanford.edu,2025,Comparative Literature,School of Humanities & Sciences,Polynesian Voyaging Society,"Honolulu, HI",United States,21.3069,-157.8583,https://hokulea.com,,Identity
Native American Cultural Center,Indigenous Communities Fellowship,Ravi Patel,ravi.patel@stanford.edu,2027,Computer Science,School of Engineering,Teach For All,"New York, NY",United States,40.758,-73.9855,https://teachforall.org,,Education & Youth Development
Bill Lane Center for the American West,Bill Lane Center for the American West Internships,Nadia Osei,nadia.osei@stanford.edu,2025,International Relations,School of Humanities & Sciences,Utah Clean Energy,"Salt Lake City, UT",United States,40.7608,-111.891,https://utahcleanenergy.org,,Environmental Sustainability
CareerEd,CareerEd Fellows,Yuki Diaz,yuki.diaz@stanford.edu,2027,Computer Science,School of Engineering,Human Rights Watch,"New York, NY",United States,40.7589,-73.9851,https://www.hrw.org,,Human Rights
Asian American Activities Center,Empowering Asian/Asian American Communities Fellowship,Ines Haddad,ines.haddad@stanford.edu,2025,Human Biology,School of Humanities & Sciences,San Francisco Estuary Institute,"Richmond, CA",United States,37.9219,-122.3372,https://www.sfei.org,,Environmental Sustainability
Native American Cultural Center,Indigenous Communities Fellowship,Caleb Lopez,caleb.lopez@stanford.edu,2025,Management Science & Engineering,School of Engineering,Partners In Health,"Boston, MA",United States,42.3601,-71.0589,https://www.pih.org,,Health
Bill Lane Center for the American West,Bill Lane Center for the American West Internships,Kofi Martin,kofi.martin@stanford.edu,2026,Management Science & Engineering,School of Engineering,Rainforest Alliance,"New York, NY",United States,40.7043,-74.0093,https://www.rainforest-alliance.org,,Environmental Sustainability
Black Community Services Center,Black Diaspora Fellowship,Elijah Kowalski,elijah.kowalski@stanford.edu,2026,Bioengineering,School of Engineering,Boys & Girls Clubs of the Peninsula,"Menlo Park, CA",United States,37.453,-122.1817,https://www.bgcp.org,,Education & Youth Development
Bill Lane Center for the American West,Bill Lane Center for the American West Internships,Aisha Wang,aisha.wang@stanford.edu,2026,Public Policy,School of Humanities & Sciences,BRAC,Dhaka,Bangladesh,23.7806,90.4074,https://www.brac.net,,Socio-Economic Prosperity
Doerr School of Sustainability,Sustainability Summer Fellowship,Caleb Abebe,caleb.abebe@stanford.edu,2026,Undeclared,Vice Provost for Undergraduate Education,Human Rights Watch,"New York, NY",United States,40.7589,-73.9851,https://www.hrw.org,,Human Rights
Doerr School of Sustainability,Sustainability Summer Fellowship,Ethan Murphy,ethan.murphy@stanford.edu,2027,Political Science,School of Humanities & Sciences,Kiva,"San Francisco, CA",United States,37.7749,-122.4194,https://www.kiva.org,,Social Entrepreneurship & Corporate Social Responsibility
Native American Cultural Center,Indigenous Communities Fellowship,Fatima Haddad,fatima.haddad@stanford.edu,2025,Undeclared,Vice Provost for Undergraduate Education,Asian American Writers' Workshop,"New York, NY",United States,40.7411,-73.9897,https://aaww.org,,Arts & Media
Black Community Services Center,Black Diaspora Fellowship,Miles Ramirez,miles.ramirez@stanford.edu,2027,Undeclared,Vice Provost for Undergraduate Education,Sierra Club,"Oakland, CA",United States,37.806,-122.268,https://www.sierraclub.org,,Environmental Sustainability
Asian American Activities Center,Empowering Asian/Asian American Communities Fellowship,Yuki Haddad,yuki.haddad@stanford.edu,2026,International Relations,School of Humanities & Sciences,StoryCorps,"Brooklyn, NY",United States,40.6892,-73.9857,https://storycorps.org,,Arts & Media
Haas Center for Public Service,Community Engaged Learning Fellowship,Daniel Johnson,daniel.johnson@stanford.edu,2026,Bioengineering,School of Engineering,OECD,Paris,France,48.8566,2.3522,https://www.oecd.org,,Policy & Governance
El Centro Chicano y Latino,Latinx Community Fellowship,Diego Brown,diego.brown@stanford.edu,2025,History,School of Humanities & Sciences,Ravenswood Family Health Network,"East Palo Alto, CA",United States,37.4688,-122.1411,https://ravenswoodfhc.org,,Health
El Centro Chicano y Latino,Latinx Community Fellowship,Naomi Ibrahim,naomi.ibrahim@stanford.edu,2027,Human Biology,School of Humanities & Sciences,San Francisco Estuary Institute,"Richmond, CA",United States,37.9219,-122.3372,https://www.sfei.org,,Environmental Sustainability
Stanford in Government,Stanford in Government Fellowship,Maya Diaz,maya.diaz@stanford.edu,2026,Psychology,School of Humanities & Sciences,Chinese Progressive Association,"San Francisco, CA",United States,37.7941,-122.4078,https://cpasf.org,,Identity
Native American Cultural Center,Indigenous Communities Fellowship,Ravi Murphy,ravi.murphy@stanford.edu,2025,Undeclared,Vice Provost for Undergraduate Education,Gates Foundation,"Seattle, WA",United States,47.6229,-122.3467,https://www.gatesfoundation.org,,Health
Stanford in Government,Stanford in Government Fellowship,Marcus Cohen,marcus.cohen@stanford.edu,2026,Sociology,School of Humanities & Sciences,Sierra Club,"Oakland, CA",United States,37.806,-122.268,https://www.sierraclub.org,,Environmental Sustainability
Bill Lane Center for the American West,Bill Lane Center for the American West Internships,Yuki Sato,yuki.sato@stanford.edu,2025,Environmental Systems Engineering,Doerr School of Sustainability,Rainforest Alliance,"New York, NY",United States,40.7043,-74.0093,https://www.rainforest-alliance.org,,Environmental Sustainability
CareerEd,CareerEd Fellows,Andre Murphy,andre.murphy@stanford.edu,2027,Earth Systems,Doerr School of Sustainability,Teach For All,"New York, NY",United States,40.758,-73.9855,https://teachforall.org,,Education & Youth Development
Black Community Services Center,Black Diaspora Fellowship,Mei Abebe,mei.abebe@stanford.edu,2025,Mechanical Engineering,School of Engineering,Pacific Salmon Foundation,Vancouver,Canada,49.2827,-123.1207,https://psf.ca,,Environmental Sustainability
Native American Cultural Center,Indigenous Communities Fellowship,Leila Lopez,leila.lopez@stanford.edu,2027,Sociology,School of Humanities & Sciences,Ravenswood Family Health Network,"East Palo Alto, CA",United States,37.4688,-122.1411,https://ravenswoodfhc.org,,Health
Bill Lane Center for the American West,Bill Lane Center for the American West Internships,Grace Singh,grace.singh@stanford.edu,2025,Bioengineering,School of Engineering,Digital Divide Data,Phnom Penh,Cambodia,11.5564,104.9282,https://www.digitaldividedata.com,,Technology & Engineering
